,type,difficulty,category,question,correct_answer,incorrect_answers
0,multiple,medium,Entertainment: Music,"In Prokofiev's 'Peter and the Wolf', the wolf itself is represented by a trio of which musical instrument?",French horn,"['Oboe', 'Clarinet', 'Cello']"
1,multiple,hard,Entertainment: Board Games,"Which of these cards from ""Magic: The Gathering"" has a flavor text that begins with ""Oi oi oi""?",Uthden Troll,"['Lotleth Troll', 'Albino Troll', 'Harvester Troll']"
2,multiple,easy,Science: Computers,How long is an IPv6 address?,128 bits,"['32 bits', '64 bits', '128 bytes']"
3,multiple,hard,Geography,In which country is Tallinn located?,Estonia,"['Finland', 'Sweden', 'Poland']"
4,boolean,medium,General Knowledge,The scientific name for the Southern Lights is Aurora Australis?,True,['False']
5,boolean,medium,Geography,Israel is 7 hours ahead of New York.,True,['False']
6,multiple,hard,Geography,Which of these countries is NOT a part of the Asian continent?,Suriname,"['Georgia', 'Russia', 'Singapore']"
7,multiple,medium,Entertainment: Music,"What musician made the song ""F**kin` Perfect"" in 2010?",P!nk,"['Mitis', 'Adam lambert', 'Koven']"
8,boolean,easy,Geography,There are no deserts in Europe.,True,['False']
9,multiple,easy,Entertainment: Books,"Who wrote the young adult novel ""The Fault in Our Stars""?",John Green,"['Stephenie Meyer', 'Suzanne Collins', 'Stephen Chbosky']"
,type,difficulty,category,question,correct_answer,incorrect_answers
0,multiple,medium,Entertainment: Music,"In Prokofiev's 'Peter and the Wolf', the wolf itself is represented by a trio of which musical instrument?",French horn,"['Oboe', 'Clarinet', 'Cello']"
1,multiple,hard,Entertainment: Board Games,"Which of these cards from ""Magic: The Gathering"" has a flavor text that begins with ""Oi oi oi""?",Uthden Troll,"['Lotleth Troll', 'Albino Troll', 'Harvester Troll']"
2,multiple,easy,Science: Computers,How long is an IPv6 address?,128 bits,"['32 bits', '64 bits', '128 bytes']"
3,multiple,hard,Geography,In which country is Tallinn located?,Estonia,"['Finland', 'Sweden', 'Poland']"
4,boolean,medium,General Knowledge,The scientific name for the Southern Lights is Aurora Australis?,True,['False']
5,boolean,medium,Geography,Israel is 7 hours ahead of New York.,True,['False']
6,multiple,hard,Geography,Which of these countries is NOT a part of the Asian continent?,Suriname,"['Georgia', 'Russia', 'Singapore']"
7,multiple,medium,Entertainment: Music,"What musician made the song ""F**kin` Perfect"" in 2010?",P!nk,"['Mitis', 'Adam lambert', 'Koven']"
8,boolean,easy,Geography,There are no deserts in Europe.,True,['False']
9,multiple,easy,Entertainment: Books,"Who wrote the young adult novel ""The Fault in Our Stars""?",John Green,"['Stephenie Meyer', 'Suzanne Collins', 'Stephen Chbosky']"
,type,difficulty,category,question,correct_answer,incorrect_answers
0,multiple,medium,Entertainment: Music,"In Prokofiev's 'Peter and the Wolf', the wolf itself is represented by a trio of which musical instrument?",French horn,"['Oboe', 'Clarinet', 'Cello']"
1,multiple,hard,Entertainment: Board Games,"Which of these cards from ""Magic: The Gathering"" has a flavor text that begins with ""Oi oi oi""?",Uthden Troll,"['Lotleth Troll', 'Albino Troll', 'Harvester Troll']"
2,multiple,easy,Science: Computers,How long is an IPv6 address?,128 bits,"['32 bits', '64 bits', '128 bytes']"
3,multiple,hard,Geography,In which country is Tallinn located?,Estonia,"['Finland', 'Sweden', 'Poland']"
4,boolean,medium,General Knowledge,The scientific name for the Southern Lights is Aurora Australis?,True,['False']
5,boolean,medium,Geography,Israel is 7 hours ahead of New York.,True,['False']
6,multiple,hard,Geography,Which of these countries is NOT a part of the Asian continent?,Suriname,"['Georgia', 'Russia', 'Singapore']"
7,multiple,medium,Entertainment: Music,"What musician made the song ""F**kin` Perfect"" in 2010?",P!nk,"['Mitis', 'Adam lambert', 'Koven']"
8,boolean,easy,Geography,There are no deserts in Europe.,True,['False']
9,multiple,easy,Entertainment: Books,"Who wrote the young adult novel ""The Fault in Our Stars""?",John Green,"['Stephenie Meyer', 'Suzanne Collins', 'Stephen Chbosky']"
,type,difficulty,category,question,correct_answer,incorrect_answers
0,multiple,medium,Entertainment: Music,"In Prokofiev's 'Peter and the Wolf', the wolf itself is represented by a trio of which musical instrument?",French horn,"['Oboe', 'Clarinet', 'Cello']"
1,multiple,hard,Entertainment: Board Games,"Which of these cards from ""Magic: The Gathering"" has a flavor text that begins with ""Oi oi oi""?",Uthden Troll,"['Lotleth Troll', 'Albino Troll', 'Harvester Troll']"
2,multiple,easy,Science: Computers,How long is an IPv6 address?,128 bits,"['32 bits', '64 bits', '128 bytes']"
3,multiple,hard,Geography,In which country is Tallinn located?,Estonia,"['Finland', 'Sweden', 'Poland']"
4,boolean,medium,General Knowledge,The scientific name for the Southern Lights is Aurora Australis?,True,['False']
5,boolean,medium,Geography,Israel is 7 hours ahead of New York.,True,['False']
6,multiple,hard,Geography,Which of these countries is NOT a part of the Asian continent?,Suriname,"['Georgia', 'Russia', 'Singapore']"
7,multiple,medium,Entertainment: Music,"What musician made the song ""F**kin` Perfect"" in 2010?",P!nk,"['Mitis', 'Adam lambert', 'Koven']"
8,boolean,easy,Geography,There are no deserts in Europe.,True,['False']
9,multiple,easy,Entertainment: Books,"Who wrote the young adult novel ""The Fault in Our Stars""?",John Green,"['Stephenie Meyer', 'Suzanne Collins', 'Stephen Chbosky']"
,type,difficulty,category,question,correct_answer,incorrect_answers
0,multiple,medium,Entertainment: Music,"In Prokofiev's 'Peter and the Wolf', the wolf itself is represented by a trio of which musical instrument?",French horn,"['Oboe', 'Clarinet', 'Cello']"
1,multiple,hard,Entertainment: Board Games,"Which of these cards from ""Magic: The Gathering"" has a flavor text that begins with ""Oi oi oi""?",Uthden Troll,"['Lotleth Troll', 'Albino Troll', 'Harvester Troll']"
2,multiple,easy,Science: Computers,How long is an IPv6 address?,128 bits,"['32 bits', '64 bits', '128 bytes']"
3,multiple,hard,Geography,In which country is Tallinn located?,Estonia,"['Finland', 'Sweden', 'Poland']"
4,boolean,medium,General Knowledge,The scientific name for the Southern Lights is Aurora Australis?,True,['False']
5,boolean,medium,Geography,Israel is 7 hours ahead of New York.,True,['False']
6,multiple,hard,Geography,Which of these countries is NOT a part of the Asian continent?,Suriname,"['Georgia', 'Russia', 'Singapore']"
7,multiple,medium,Entertainment: Music,"What musician made the song ""F**kin` Perfect"" in 2010?",P!nk,"['Mitis', 'Adam lambert', 'Koven']"
8,boolean,easy,Geography,There are no deserts in Europe.,True,['False']
9,multiple,easy,Entertainment: Books,"Who wrote the young adult novel ""The Fault in Our Stars""?",John Green,"['Stephenie Meyer', 'Suzanne Collins', 'Stephen Chbosky']"
,type,difficulty,category,question,correct_answer,incorrect_answers
0,multiple,medium,Entertainment: Music,"In Prokofiev's 'Peter and the Wolf', the wolf itself is represented by a trio of which musical instrument?",French horn,"['Oboe', 'Clarinet', 'Cello']"
1,multiple,hard,Entertainment: Board Games,"Which of these cards from ""Magic: The Gathering"" has a flavor text that begins with ""Oi oi oi""?",Uthden Troll,"['Lotleth Troll', 'Albino Troll', 'Harvester Troll']"
2,multiple,easy,Science: Computers,How long is an IPv6 address?,128 bits,"['32 bits', '64 bits', '128 bytes']"
3,multiple,hard,Geography,In which country is Tallinn located?,Estonia,"['Finland', 'Sweden', 'Poland']"
4,boolean,medium,General Knowledge,The scientific name for the Southern Lights is Aurora Australis?,True,['False']
5,boolean,medium,Geography,Israel is 7 hours ahead of New York.,True,['False']
6,multiple,hard,Geography,Which of these countries is NOT a part of the Asian continent?,Suriname,"['Georgia', 'Russia', 'Singapore']"
7,multiple,medium,Entertainment: Music,"What musician made the song ""F**kin` Perfect"" in 2010?",P!nk,"['Mitis', 'Adam lambert', 'Koven']"
8,boolean,easy,Geography,There are no deserts in Europe.,True,['False']
9,multiple,easy,Entertainment: Books,"Who wrote the young adult novel ""The Fault in Our Stars""?",John Green,"['Stephenie Meyer', 'Suzanne Collins', 'Stephen Chbosky']"
,type,difficulty,category,question,correct_answer,incorrect_answers
0,multiple,medium,Entertainment: Music,"In Prokofiev's 'Peter and the Wolf', the wolf itself is represented by a trio of which musical instrument?",French horn,"['Oboe', 'Clarinet', 'Cello']"
1,multiple,hard,Entertainment: Board Games,"Which of these cards from ""Magic: The Gathering"" has a flavor text that begins with ""Oi oi oi""?",Uthden Troll,"['Lotleth Troll', 'Albino Troll', 'Harvester Troll']"
2,multiple,easy,Science: Computers,How long is an IPv6 address?,128 bits,"['32 bits', '64 bits', '128 bytes']"
3,multiple,hard,Geography,In which country is Tallinn located?,Estonia,"['Finland', 'Sweden', 'Poland']"
4,boolean,medium,General Knowledge,The scientific name for the Southern Lights is Aurora Australis?,True,['False']
5,boolean,medium,Geography,Israel is 7 hours ahead of New York.,True,['False']
6,multiple,hard,Geography,Which of these countries is NOT a part of the Asian continent?,Suriname,"['Georgia', 'Russia', 'Singapore']"
7,multiple,medium,Entertainment: Music,"What musician made the song ""F**kin` Perfect"" in 2010?",P!nk,"['Mitis', 'Adam lambert', 'Koven']"
8,boolean,easy,Geography,There are no deserts in Europe.,True,['False']
9,multiple,easy,Entertainment: Books,"Who wrote the young adult novel ""The Fault in Our Stars""?",John Green,"['Stephenie Meyer', 'Suzanne Collins', 'Stephen Chbosky']"
,type,difficulty,category,question,correct_answer,incorrect_answers
0,multiple,medium,Entertainment: Music,"In Prokofiev's 'Peter and the Wolf', the wolf itself is represented by a trio of which musical instrument?",French horn,"['Oboe', 'Clarinet', 'Cello']"
1,multiple,hard,Entertainment: Board Games,"Which of these cards from ""Magic: The Gathering"" has a flavor text that begins with ""Oi oi oi""?",Uthden Troll,"['Lotleth Troll', 'Albino Troll', 'Harvester Troll']"
2,multiple,easy,Science: Computers,How long is an IPv6 address?,128 bits,"['32 bits', '64 bits', '128 bytes']"
3,multiple,hard,Geography,In which country is Tallinn located?,Estonia,"['Finland', 'Sweden', 'Poland']"
4,boolean,medium,General Knowledge,The scientific name for the Southern Lights is Aurora Australis?,True,['False']
5,boolean,medium,Geography,Israel is 7 hours ahead of New York.,True,['False']
6,multiple,hard,Geography,Which of these countries is NOT a part of the Asian continent?,Suriname,"['Georgia', 'Russia', 'Singapore']"
7,multiple,medium,Entertainment: Music,"What musician made the song ""F**kin` Perfect"" in 2010?",P!nk,"['Mitis', 'Adam lambert', 'Koven']"
8,boolean,easy,Geography,There are no deserts in Europe.,True,['False']
9,multiple,easy,Entertainment: Books,"Who wrote the young adult novel ""The Fault in Our Stars""?",John Green,"['Stephenie Meyer', 'Suzanne Collins', 'Stephen Chbosky']"
,type,difficulty,category,question,correct_answer,incorrect_answers
0,multiple,medium,Entertainment: Music,"In Prokofiev's 'Peter and the Wolf', the wolf itself is represented by a trio of which musical instrument?",French horn,"['Oboe', 'Clarinet', 'Cello']"
1,multiple,hard,Entertainment: Board Games,"Which of these cards from ""Magic: The Gathering"" has a flavor text that begins with ""Oi oi oi""?",Uthden Troll,"['Lotleth Troll', 'Albino Troll', 'Harvester Troll']"
2,multiple,easy,Science: Computers,How long is an IPv6 address?,128 bits,"['32 bits', '64 bits', '128 bytes']"
3,multiple,hard,Geography,In which country is Tallinn located?,Estonia,"['Finland', 'Sweden', 'Poland']"
4,boolean,medium,General Knowledge,The scientific name for the Southern Lights is Aurora Australis?,True,['False']
5,boolean,medium,Geography,Israel is 7 hours ahead of New York.,True,['False']
6,multiple,hard,Geography,Which of these countries is NOT a part of the Asian continent?,Suriname,"['Georgia', 'Russia', 'Singapore']"
7,multiple,medium,Entertainment: Music,"What musician made the song ""F**kin` Perfect"" in 2010?",P!nk,"['Mitis', 'Adam lambert', 'Koven']"
8,boolean,easy,Geography,There are no deserts in Europe.,True,['False']
9,multiple,easy,Entertainment: Books,"Who wrote the young adult novel ""The Fault in Our Stars""?",John Green,"['Stephenie Meyer', 'Suzanne Collins', 'Stephen Chbosky']"
,type,difficulty,category,question,correct_answer,incorrect_answers
0,multiple,medium,Entertainment: Music,"In Prokofiev's 'Peter and the Wolf', the wolf itself is represented by a trio of which musical instrument?",French horn,"['Oboe', 'Clarinet', 'Cello']"
1,multiple,hard,Entertainment: Board Games,"Which of these cards from ""Magic: The Gathering"" has a flavor text that begins with ""Oi oi oi""?",Uthden Troll,"['Lotleth Troll', 'Albino Troll', 'Harvester Troll']"
2,multiple,easy,Science: Computers,How long is an IPv6 address?,128 bits,"['32 bits', '64 bits', '128 bytes']"
3,multiple,hard,Geography,In which country is Tallinn located?,Estonia,"['Finland', 'Sweden', 'Poland']"
4,boolean,medium,General Knowledge,The scientific name for the Southern Lights is Aurora Australis?,True,['False']
5,boolean,medium,Geography,Israel is 7 hours ahead of New York.,True,['False']
6,multiple,hard,Geography,Which of these countries is NOT a part of the Asian continent?,Suriname,"['Georgia', 'Russia', 'Singapore']"
7,multiple,medium,Entertainment: Music,"What musician made the song ""F**kin` Perfect"" in 2010?",P!nk,"['Mitis', 'Adam lambert', 'Koven']"
8,boolean,easy,Geography,There are no deserts in Europe.,True,['False']
9,multiple,easy,Entertainment: Books,"Who wrote the young adult novel ""The Fault in Our Stars""?",John Green,"['Stephenie Meyer', 'Suzanne Collins', 'Stephen Chbosky']"
,type,difficulty,category,question,correct_answer,incorrect_answers
0,multiple,medium,Entertainment: Music,"In Prokofiev's 'Peter and the Wolf', the wolf itself is represented by a trio of which musical instrument?",French horn,"['Oboe', 'Clarinet', 'Cello']"
1,multiple,hard,Entertainment: Board Games,"Which of these cards from ""Magic: The Gathering"" has a flavor text that begins with ""Oi oi oi""?",Uthden Troll,"['Lotleth Troll', 'Albino Troll', 'Harvester Troll']"
2,multiple,easy,Science: Computers,How long is an IPv6 address?,128 bits,"['32 bits', '64 bits', '128 bytes']"
3,multiple,hard,Geography,In which country is Tallinn located?,Estonia,"['Finland', 'Sweden', 'Poland']"
4,boolean,medium,General Knowledge,The scientific name for the Southern Lights is Aurora Australis?,True,['False']
5,boolean,medium,Geography,Israel is 7 hours ahead of New York.,True,['False']
6,multiple,hard,Geography,Which of these countries is NOT a part of the Asian continent?,Suriname,"['Georgia', 'Russia', 'Singapore']"
7,multiple,medium,Entertainment: Music,"What musician made the song ""F**kin` Perfect"" in 2010?",P!nk,"['Mitis', 'Adam lambert', 'Koven']"
8,boolean,easy,Geography,There are no deserts in Europe.,True,['False']
9,multiple,easy,Entertainment: Books,"Who wrote the young adult novel ""The Fault in Our Stars""?",John Green,"['Stephenie Meyer', 'Suzanne Collins', 'Stephen Chbosky']"
